Age,Annual_Income,Years_Experience,Gender,Satisfaction_Rating,Spending_Score
34.9816047538945,92834.55426177706,1.8513292883861965,1,3.1412405258103666,41374.419450239046
58.02857225639664,78248.67297097083,5.419009473783581,1,1.86080748806895,28965.47700803999
49.2797576724562,57857.485465769496,8.729458358764083,1,1.048483098575573,25642.70653437808
43.946339367881464,103241.55177362538,7.322248864095612,1,1.964805830398166,45032.26336865708
26.24074561769746,91625.80552984914,8.065611478614498,0,4.903495019640215,44866.111695977204
26.239780813448107,44635.52454104021,6.587833667107174,0,4.206148447531959,39105.51306061325
22.32334448672798,111983.44660444582,6.922765645178525,1,4.838306577284134,62653.34567190972
54.647045830997406,104028.3518630852,8.491956515653193,0,2.95141617570545,32574.724124139364
44.04460046972835,115481.99219627316,2.4966800885918596,1,1.438944794710014,37207.27281767201
48.32290311184182,95314.7557549524,4.894249636431405,0,3.191837955894772,43327.342821269776
20.823379771832098,85207.3676342211,2.2120944181960223,1,2.8175093382398435,34966.7922611242
58.79639408647977,67641.8732661557,9.87668007996647,1,4.377428330958464,50274.55481119296
53.29770563201687,113945.5635018612,9.440593396866133,0,1.3923303231369784,47684.99303812412
28.493564427131048,107945.75005503675,0.394268113685059,0,2.9529645480871127,42570.98619179196
27.272998688284027,34069.68030955705,7.055751725156885,1,1.600194658775937,29110.37753577764
27.33618039413735,32373.02770475268,9.252483174156659,1,2.29870370756024,30118.073184343975
32.169689718381505,63881.70301902446,1.8057534512733353,0,3.9494283095511986,31414.355305733447
40.990257265289515,102949.79977036496,5.679452305526294,0,2.904072517475066,31629.875063609157
37.27780074568463,118854.851638345,9.154882975880419,1,2.5035531405830773,49970.68569326085
31.649165607921677,43537.520199317536,0.3394597858579884,0,2.5779051142801412,9669.974418648657
44.474115788895176,83471.76438169216,6.974202672468399,1,2.8377870736239466,48515.759228147435
25.579754426081674,64280.17709679194,2.9734900737255074,1,4.1400661753482275,37889.05622851032
31.685785941408724,117292.2958033143,9.243961953765304,1,4.568338755760937,67202.2175046703
34.65447373174767,105790.70308221377,9.710582451653679,1,4.821338746015713,68374.92403982983
38.24279936868144,105449.58342400241,9.442664891134338,0,4.14761354502118,55571.022840871374
51.407038455720546,72182.38438154732,4.742142166574638,0,2.261627582992051,32076.73539948628
27.98695128633439,67333.75521038986,8.620426509893134,0,3.7525388243461686,38501.67689024285
40.569377536544465,54606.63647376356,8.445493985350703,0,2.7504124962215677,29474.162588404197
43.696582754481696,35073.79469858344,3.1910047324325563,0,2.0186824881842047,6932.055016938859
21.85801650879991,107825.01386295479,8.289154741506774,0,4.363486317703691,52849.5332580704
44.30179407605753,103161.09082170698,0.3700763471549262,0,1.1537053958493,20915.27363791834
26.82096494749166,119974.59059575175,5.96269878482053,1,4.6070479685416945,63611.93936566008
22.60206371941118,119697.31533665149,2.3000883728770303,0,2.8459098584989366,40791.60621654389
57.95542149013333,79988.85350423647,1.205668857772788,0,3.5488059072331217,23345.99350774688
58.625281322982374,99208.86736624595,0.7695320162920916,1,3.637415688823131,28391.10754465293
52.33589392465844,115028.91568941851,6.962887758781397,0,4.580470962826146,55051.01393821596
32.18455076693483,106468.26516096703,3.3987496376806616,0,3.5466787286688293,35657.02198566107
23.906884560255357,52261.32915688779,7.247667715287615,1,3.455734339040247,40510.903048416636
47.36932106048627,70548.9721779084,0.6535634079894237,0,1.2666081622427598,14687.667554591897
37.606099749584054,41624.347363634544,3.152903378306103,0,3.0736320877808163,11854.896040343916
24.881529393791155,115864.59245328502,5.394912923753372,0,1.6006760032681666,38891.55952504656
39.80707640445081,84555.7171005792,7.907231648389636,1,3.9497350748859423,44105.7724556994
21.375540844608736,50577.85249531164,3.187525029320699,0,3.048887683250698,26571.123780826503
56.372816083151285,90453.06159652711,6.2589137643700905,0,3.7209111168334132,45797.157678373216
30.351199264000677,85631.54164121063,8.85977748236187,1,1.166691602409537,27894.195810010067
46.50089137415928,62234.644622955646,6.158631881823045,0,1.3391680641832129,20976.664434654707
32.46844304357644,40220.183297966614,2.329594747536338,1,3.865293552250729,26206.588769217058
40.80272084711243,90441.58760335197,0.2440078155653802,1,1.2883373439946935,27354.457329114804
41.86841117373119,76827.6930813414,8.700988739009299,0,1.2850269110610344,30443.386101509634
27.394178221021082,99508.65525620754,0.21269410850387138,1,1.0484339009395498,25032.169081359076
58.783385110582344,76814.7151000794,8.747016726841995,1,4.82600559319792,49103.322905414854
51.00531293444458,106696.3350286686,5.28937134027212,0,3.950033437836028,41364.5298081251
57.579957662567566,79671.61548970369,9.390676985128962,1,2.4130056340082566,40674.140474839616
55.79309401710595,80484.41743818476,7.987832357736654,1,2.186142325150621,32854.23147381389
43.915999152443405,108898.82423925106,9.979341105333376,0,2.398812918983398,54115.71594833339
56.87496940092467,66313.45795911574,3.5071181545171015,0,4.098614124724728,30275.05441364538
23.53970008207678,42061.37056055767,7.671882889311269,0,3.6454824442816576,29165.803902732303
27.83931449676581,32590.44086820051,4.019309136092422,1,1.7407822714698717,8699.984018845293
21.80909155642152,97962.35301062571,4.798756203039089,0,1.6964373413363374,26087.223168262608
33.013213230530575,85827.85962181182,6.275054632183701,1,1.3935825988535893,25579.68993351306
35.54709158757928,93367.17912893012,8.736771141863388,1,3.6412108788053525,51599.94205294612
30.853961270955836,49166.77453580197,9.840834691992951,1,4.057490648886944,45347.34762649351
53.14950036607718,42273.43280280928,7.682734138645182,1,2.060185713300016,12914.64263871995
34.27013306774357,31309.019910109375,4.177667821673338,1,1.0837798441236512,17454.95141290337
31.23738038749523,61552.88029259373,4.213570022770702,1,1.3286866699057094,20888.846052803052
41.707843326329936,83092.59181691697,7.375823015888915,1,4.871440139380121,55114.837495134045
25.636968998990504,65301.96405897591,2.3877714576830233,0,2.181779109909681,30866.115830134608
52.08787923016159,69372.74298213562,1.1047411313139466,0,4.076892591352534,33156.60852633213
22.982025747190832,111374.28250443736,3.546221576407765,1,3.498654275417055,48033.14046586957
59.47547746402069,61342.99203209703,2.8723899165408175,1,2.5277585586115836,15749.98919519387
50.889790771866295,76259.05402438297,2.963081204559901,0,1.8227490487822204,9707.716947971445
27.948627261366894,100528.77114670287,2.3360775104990994,1,1.4855456726376257,29684.10150676641
20.220884684944096,65688.85040891432,0.42093189636361883,0,3.4600518721554665,27210.183794098983
52.618457138193364,85987.80302050861,0.1787393473341381,0,4.0985351225511515,27402.85101454458
48.274293753904686,107612.73378720706,9.877223897360315,0,3.5756170141645227,49573.54942794294
49.160286721639494,115456.85612918778,4.277731337358624,1,3.1212085329966333,44347.798621711205
50.85081386743783,43236.61328361341,3.8432664715968166,1,1.167804893726545,11805.209279762958
22.961786069363615,113392.88626453449,6.796472826930699,0,4.873955110377535,60125.64341974166
34.33862914177091,74290.46637715845,2.1825388786506417,0,4.194856766618298,37133.31905504628
24.63476238100519,53241.994946906256,9.499611839502254,0,2.171288146803859,32219.259231422202
54.52413703502374,71322.21806144352,7.863450144155521,0,4.919881317435403,41040.25001809728
44.93192507310232,118202.93177569294,0.8941100231225951,0,3.4075263585452884,46481.557335683574
33.23592099410597,74335.62845935827,4.175807757849284,1,3.329690632828986,35511.115024688
22.542334011440946,59587.644925875735,8.791183075621646,0,3.9922927177181284,42587.250547576434
32.43929286862649,87006.07688850531,9.447320222914103,1,4.24707915236055,58363.69826989583
33.007332881069885,51613.10569003738,4.674015112498697,0,3.6259144293260106,30206.823904657358
49.18424713352256,36827.699529779755,6.134113892107077,1,1.5123829854648,20465.61673467968
45.502298854208526,41599.17497195843,1.6703394609207523,1,2.3530700239779936,15857.361275879868
55.48850970305306,41524.12550619952,9.911686261369766,1,4.712334561304199,38370.975247763745
38.88859700647797,43671.24241610649,2.3167170138344337,1,1.8984624473754077,17210.406134413133
24.78376983753207,42494.44553844691,9.427317741351256,1,2.4886680953500533,25407.3941582645
48.5297914889198,87678.72703228932,6.496466489923685,1,2.728307531776784,37328.82006362091
50.4314019446759,46369.207595923035,6.077367948788591,0,2.7576199587778087,20378.851696852038
42.45108790277985,61110.05549914769,5.126885110165086,1,3.451758329978102,31407.17801664648
50.83868719818244,110710.95689154106,2.3066981171775867,0,4.772303350978831,48637.78852016134
39.75182385457563,72656.54762365851,1.7652803200550826,1,1.9627708473300198,13937.744167905455
40.90931317527976,90080.19646689245,2.2048620907017535,1,1.4860055052036723,24614.077263855226
37.101640734341984,45508.788408146684,1.8643826214425452,0,1.7898819594397493,12696.784242172876
21.016765069763807,47306.01169278037,7.795844735667533,1,4.547699600837078,46163.071216823366
24.315657079732176,33678.1754639831,3.501252591667301,0,3.583243250620824,18193.456599239347
21.25716742746937,45204.15567649481,0.5784267656339637,0,2.1436271569566405,21101.12995827103
45.45641645055122,55073.130512876276,9.691026301408113,0,4.2637877558744695,35816.207101937354
32.57423924305307,45930.94358490722,8.837858849634257,0,4.445479985453744,45130.80180501644
40.34282764658811,37983.22803813501,9.27752283195213,1,4.386057354761112,41616.15805866354
56.30265895704372,40857.228399054075,9.949078226464353,1,4.675706134558218,37551.34537553034
29.971689165955,71470.08912294533,1.738952492194873,0,2.0089640806934463,30967.60878254893
36.41531692142519,48570.034656521326,3.9624201890265875,1,4.020167714985114,26425.14159403747
50.22204554172195,62784.28749432679,7.582384757040913,1,2.84215798909656,35838.08717855043
29.1519266196649,75307.55437693713,6.960206180537922,0,4.367994211560246,51284.47528239375
23.07919639315172,92135.53457664288,1.5389590633985506,1,3.913962708646453,40299.26272875219
31.590058116550722,33538.092585698905,8.158331249906178,0,4.1057897859988985,39800.74929439332
26.448851490160177,101946.93590181383,2.2444057183666066,0,3.624647350724286,40548.754894179845
57.18790609370292,86511.0350541817,2.2381761482262306,1,1.7097150778788275,25239.58731377876
52.32481518257668,37358.31287539847,5.3697442289341355,1,3.1801076755877533,23211.841191693657
45.33615026041694,108622.07616960995,5.929399348417031,1,4.938678958098032,59132.49796523268
54.85842360750871,112878.51604786319,5.8008620783781115,0,4.749552265988475,58205.45130357955
52.14688307596458,35497.016386937736,0.9148683739775487,0,1.1726949431880467,6934.6878943946085
27.462802355441433,54918.98833324834,8.774608626303804,1,1.6592592629177485,21155.530403729364
55.70235993959911,102558.11518137551,2.6560004258870604,1,1.5269150938182476,35464.134123444164
41.57368967662603,97343.37213452926,1.2951492128280417,1,3.903919639941182,32759.126139215754
52.2976062065625,46606.89174207396,8.887480798689772,1,4.27114131942778,43259.146671575916
55.84365199693973,48841.43910030393,9.556514982297534,0,1.8540454652426877,26889.48407547442
32.72013899887455,63342.48925122438,8.621276172654506,1,3.023410771807316,32076.813778578682
24.402076981107072,73607.06866719192,8.09516074724878,0,4.3628121120448,46324.50441004121
29.117406501677667,85642.92943772663,6.552419806390217,0,3.9312061790650024,39623.88592045696
37.084311545050255,63202.22756127952,5.5085737060913935,1,3.168948821967393,31774.298003315744
52.72059063689972,71628.12445198331,0.8698675991141014,1,3.3613907618350916,25007.89703970779
54.429223330253734,97272.38443203809,4.084532130706987,1,3.03344218766512,40522.743026874414
20.27808522124763,33301.48826015381,3.72688517012314,0,2.1901938052752823,22873.64982424559
40.42989210310263,52719.32499096187,2.5975378376032623,1,3.2600879714360644,32232.71846852482
36.696440125951156,94201.46272960972,7.234201136885849,1,3.7555412082003627,46065.70213262098
28.88431241882921,110568.61539184794,4.9587573507877085,0,4.49329166344323,53975.41876401589
24.794614693347313,76050.96979040996,0.8104621590764793,1,3.5451654159169923,26223.068102177393
33.50460685614512,77890.2136738784,2.2018320194981134,0,4.044486148172632,32297.408630461025
57.71638815650077,39645.48102057984,6.832587636595959,1,1.640286539818292,21114.04622796409
32.92811728083021,70267.11301411092,0.7613085949030018,0,2.8462298976791596,31815.41208860561
40.75162486973464,77935.55398095209,8.512069140487688,1,1.0373264793083732,25902.746796344923
48.12075835580711,51822.34532712567,4.951465270139743,1,1.986715458086492,17334.46684782124
34.54518409517176,54231.89078544429,4.80586577326648,0,3.9058468604520193,31692.939989006914
58.87128330883843,63955.57467941604,5.924077846595176,0,4.967239805397454,42372.80959037286
58.497891797684446,31806.407799995373,8.246809659251491,1,1.3967123983488636,11115.34639343216
30.071291833014566,58987.124902486044,3.4780920790219305,0,2.605977263445153,25810.439942589335
39.88994023569542,49030.32062968901,6.780161525590636,0,4.200283874796638,32174.538323675642
32.03513239267079,59474.76169601232,5.657319639957911,0,1.8161425385155954,23147.49385602088
31.393619775098706,40778.59186373261,2.6702827016942132,0,3.220339797209145,23062.287306148897
21.47547789418131,110147.45526659055,8.78629986355158,1,3.932285184118699,60423.56891476239
44.382573359195874,83423.32081986437,7.974260216069281,1,3.463941801040716,40928.83524658841
40.10716092915446,91119.20872300406,6.584518346584255,0,1.7520989384616645,31712.909621476047
22.059150049999573,101025.41147466045,8.505817290942419,0,2.4215382747429577,44076.55218883027
31.14585856946446,74859.79790361515,8.672942009598025,0,4.135167137941589,44487.73278089008
56.33063543866615,37822.825927868136,7.083629767150348,0,3.2169060565280665,19760.669604544175
29.582475626678896,78339.58876366931,8.37013328363672,1,1.020918454171651,42176.09177181191
25.795794883648924,82815.70062187912,6.974714616692836,1,4.043963040112375,52305.85744437432
39.57811041110252,97089.5526765897,6.801407717603004,0,1.1412454197609563,31238.394815140466
59.42601816442403,68849.35916067116,6.186113782151843,0,3.9829351309249286,37397.31906825396
29.682210860460017,41482.227251600736,7.527166395576412,0,1.8099222406609496,19405.69666521194
46.885421896235144,55539.83152188521,1.586051052930737,1,4.832293920477521,41880.629378531856
50.4647846131487,62677.40667587716,8.808707591989284,0,2.471763005208338,29881.149783024353
29.50550175969599,88132.55171984411,8.71843527745232,1,2.3077264653523164,41405.408799058874
49.12865394447438,81370.04742020207,0.29247283034559146,0,1.5955522013297787,19808.36413890382
34.71132530877013,62048.70533080616,8.258167505647627,1,2.2224168619608595,24144.353743944714
45.29223322374318,118786.37239136818,1.288698674734452,0,4.506603047312803,43186.14676626351
45.34118843043579,84519.73374211985,3.351188542591419,1,4.985337350508989,43198.42871682064
41.43098736299034,51350.4112562395,7.435082562916078,0,2.4732381220273933,25103.17203071602
23.61159080217633,39160.42253583633,1.607598960483082,0,2.7944425238181703,25908.691057388984
53.41209982356952,43757.32252658988,8.179670241190621,0,3.888283752810948,40989.533428385745
32.83120259886943,52136.19555460573,8.32134177957742,1,4.5447831218602985,48401.93994792399
27.46074041599417,44461.32359336001,5.074677337608362,0,3.3721773367471366,29334.067366415005
21.631005662190557,46791.032164617514,0.0638587171683358,1,2.5661027927113174,10386.491464696772
43.63571772752967,55658.56518244624,2.870381331749128,1,2.650487363394495,19587.71227169542
47.1025744736913,45603.623576527934,6.169269183757422,0,3.7824725859872275,23882.65605805996
20.663513157114245,110708.88821637827,9.811861780274235,0,1.0128730544171147,41719.43033701066
40.48372233197124,37221.0371095478,6.3181352701666835,0,3.4783573498393627,23805.020331977685
29.059831007917516,77206.02506132293,2.5980358106415977,1,2.4219720417654296,27752.390715383543
45.806911616377995,66935.71442906954,6.340057030996114,0,4.176789325108337,27978.48756639945
26.97465716019966,118414.07552177458,5.3998537971585545,1,1.3719625592925286,46850.90446491845
47.63750952409864,40083.501195124714,7.798453951511436,1,3.352809067793562,23072.842897364542
35.469413852021496,65807.00391411675,1.069806388269584,0,2.923891559544495,23998.304158766387
57.46919954946938,117252.3389947832,7.61027902502028,0,3.5693021036209096,58207.61118173403
25.50083776583973,107895.64133045822,5.412665786761103,0,1.2594143779318734,32376.725143520584
33.64265404201034,103536.48638543519,9.629920038589946,0,3.319935149712525,37147.826949678485
24.538940849623565,53211.25443404459,3.418721660386861,0,3.245938351838095,25289.76532540181
56.98774473114251,45379.88286510592,6.326218931339481,0,3.2426403776646837,27725.259104166715
55.09357413523924,90177.88979319879,9.320281055100175,1,3.4139506663858192,54461.8701171812
30.317665108606224,113643.83902148272,1.0250972799067926,1,3.705871748905449,40153.0020516572
46.39936184136716,80108.66037125367,9.372284872364512,1,4.219955998723079,52102.67779899093
52.688888008048636,81445.14205229099,6.878857223008134,0,2.0792828805128574,26210.915861883346
42.2080324639785,55198.11842942558,0.678370591051719,1,4.300197640720248,30097.342900344865
41.18602313424026,99254.36398727432,3.0096356694681625,1,2.9930227290538145,51233.45986525441
29.67409163601807,46833.937370177104,7.081720886452816,1,1.3082331165373247,15934.566458757934
23.72411071223597,59131.13127638193,0.673506014687717,1,1.2342037169759168,19796.733384969
55.88863031813307,68289.27947547751,5.8217046017627325,1,2.336953274784243,28841.431149012704
56.016722286533216,75684.93408160095,3.4588305695295674,0,4.13958790844587,39255.50129791598
45.32405829093072,51816.87591735722,6.209155177674771,0,3.830723738963663,30958.3440151474
33.56119164194803,40335.31422652832,0.4574203381251285,1,4.154459858689625,27874.275861740516
33.968382984506434,84955.80381974694,8.715368061523762,1,3.0690762257664375,42227.10268376425
49.038227154809576,55976.74979162302,9.734889691773969,1,2.7607959918219622,33555.34325887169
55.884410398103086,82311.4399280351,9.688778552856915,0,1.5898101068251358,28861.25252635159
55.48345697060469,43892.64437467821,7.496518317429247,0,2.312771014437246,21772.648608927735
51.19502183430495,73302.60916693357,1.3008624013063197,1,2.736077464695501,22341.14019777495
45.68126584617151,77933.04892964273,7.582631959290226,0,1.354401718718469,29337.51543377233
23.365598599801952,34664.11831401842,0.2458691645880151,0,1.882447810844845,9492.215213256815
26.465148563784552,60294.385037452856,0.22123551528997254,1,3.3929011762549552,33269.168717107
55.94216754108317,42097.32092450768,3.2361021914954122,0,3.9426524569567594,21582.455834783526
44.2571623863836,35703.7473425491,4.886431904046658,0,4.9933900455717986,25258.121387739116
20.367882064665185,119096.42091509508,7.704074178077932,1,4.73245332537423,74917.18310912796
24.058861714641285,59011.84604772506,6.832953766065052,0,3.570260798140766,31359.312782914487
46.54007076432223,102888.70012691713,4.459027063767484,0,2.684992213176288,32187.48797243512
20.20246335384875,52917.65892873875,2.736266662816659,1,3.544709458832931,28525.863679399048
26.432322056699945,91335.24500015363,9.971245001577111,0,4.142606472320928,61104.35544144109
41.949351574663446,98420.50739007178,4.261813022359729,0,1.4733447636935493,19021.37515843816
47.67580790770773,83607.48665470598,4.513870243296755,1,2.639619558785153,47974.223863236475
46.07845038010402,72441.85696951425,1.6362382119166918,1,4.359209142542468,42254.212726464604
28.970772378422392,67065.68227325418,7.948095487499294,1,2.535331807732176,36791.79538348502
48.48716885390144,61398.143988869575,6.936822257814886,0,3.287489084908746,29660.35729291563
29.489963499872005,113657.62298230432,2.207696127887604,1,3.351077443448793,47168.32879282787
33.01598792637071,104755.74670089562,0.823810456158427,0,1.7379050125345574,31685.16808372161
49.85965620472096,116852.42195998614,6.804993020747131,1,2.4489417666091535,47514.67858416539
45.98531596188859,41186.750113699025,6.545112142811353,0,2.3380451549677286,21221.107532634334
53.96893641976712,95778.07276832798,2.7325952699820935,1,1.1047868341282592,26706.984806657492
46.30451569201374,114450.6411138934,9.508635622504103,1,1.096767055565421,42553.44850215844
42.73234413341886,46310.975954909416,1.5105789178090023,1,4.326788174703093,28577.421826985523
23.7469907131237,35984.66406300997,4.323348010426019,1,2.0922832398912496,18934.1308460837
34.70863212237734,96700.85843610532,9.436159201675988,0,3.0723150649552617,51330.74025155649
30.608094707269018,81702.58018619206,4.197273169261223,1,2.194902294355092,35470.44456146521
29.75958573516334,105764.58990824448,6.385259476640855,1,4.762716980461362,46336.87890305555
58.920422190097824,42579.51389636606,3.9759439796279428,0,2.037187035463095,14383.320600439885
35.723908986670416,101574.05806739011,2.7421520234867005,1,2.7186272509557403,38805.27876134604
55.681862207084535,48146.458804297006,9.839776479598282,0,4.490921001938407,38142.057582691596
45.245545039890516,44729.03485791341,4.09334006315043,1,4.367734267167235,30644.121907264034
51.79245214166593,44783.92181378936,8.940992036791345,1,1.7444056713851093,28151.688917281244
40.10548372420769,103311.72482082438,2.299546058910862,1,4.210573239182842,51888.29910290904
43.07615538505436,89867.749862658,2.131047040250833,0,2.8327475469515706,25701.73476780487
39.70070775275455,77075.88822922074,0.3113408288451136,1,2.931875488341421,29280.791476242903
27.80971951192178,62294.74357111522,6.5166682537588505,1,1.5339198896637751,23396.10810478819
48.89808461046022,108948.04867317974,3.6852634372376114,1,1.3224060550284986,26283.359786149682
31.23089449763423,65320.05966803718,8.64358249839637,0,3.9117572278950608,38483.471235518286
20.972638657258152,103493.94955244193,4.732099066915572,0,2.985844609421199,47179.041128177734
45.81889183628671,69522.14177131966,9.681934279147217,1,2.747402810460718,41529.61301266727
27.084427176281956,63924.99864824168,1.8552551570312115,0,3.918032914609587,34459.90591521349
57.61834337411657,71641.18071026457,8.686231679556109,1,4.062051595964439,46123.775160107456
58.157143080103495,57124.00867477279,7.765968527917417,1,1.6356326706774142,25410.912447249386
56.59457560881794,97284.8442158626,7.70921844644052,1,3.440900597910565,41062.7547612425
34.806348010217775,75244.83510832312,8.447832281168877,1,1.5414163291107421,35819.50637522563
20.618264661154697,50899.14256321356,7.610239909429989,1,4.005500344116182,45607.530333731374
57.132742503509014,110961.71159471116,6.262203216314154,1,3.627820625068558,51187.808938923474
37.12736593269257,64550.20992358903,1.3124487768238757,1,4.826458484333832,46147.53131414525
58.666192761746785,78919.75750025897,0.32526179491251916,0,1.2758320654256847,17599.8480852708
58.54479908357011,111582.48998680922,9.208478478156868,0,1.2282188846050173,38844.26756277235
54.120378218694405,86181.41963225929,6.166503145207381,0,2.1287482987728006,34162.42547486021
31.77795568278343,40520.823663752766,7.965372909761763,0,2.046822734943624,21805.592339248586
35.40390914407701,114584.89112521276,4.815223515125501,0,1.9879151962879993,34059.954352930836
54.045466860674274,86493.72477642761,1.1730818896239448,0,4.625018322084147,37474.106555124585
32.676880206251106,60141.50531913775,1.2518579220255044,0,1.9981847993980244,13653.091706042436
26.7797098674437,42534.486539704856,6.855652872289713,1,2.087798904514524,21670.89618767742
42.27205049833401,101462.26703432664,4.303058948994627,1,4.037593049671855,47018.42271530401
57.44619096643124,85806.54803356621,2.005247267003367,1,2.79895936980216,24132.671066092167
47.84119186699892,78011.49827786893,4.915945467414369,1,4.106842227820724,39535.474747098735
42.8024468035746,110450.33247458619,0.6420893707513409,0,1.261464630257541,17660.96411640981
23.88705975083074,100973.74901020777,5.819714019143988,0,2.9502847746935372,44014.932570265344
44.60028906796679,43650.73917594761,2.6899340443509767,1,1.1344544007331305,12503.079169871276
59.60215400417053,58054.98610159934,7.975591006371881,1,1.250612813821418,17938.04079395689
25.60336060946096,52364.02258330192,3.1036195892357377,0,4.625749813377643,39937.75371507731
40.73318609454947,96955.16633154092,4.552201490818012,1,1.5569814844703807,37880.25694789579
55.094922877118215,33017.91912622014,0.11620539908100636,1,3.1296827291008684,3817.8139240512983
49.63074471016817,81290.07163841848,0.7244688779455888,1,2.644382410402826,21726.710306027082
47.88062963981072,98621.28171666215,3.924935564066848,1,2.3893733050353707,30761.054975015926
48.09936335948437,108908.90730855745,4.799388347171235,0,4.59933338274909,46706.23410155308
34.37964604879021,60787.35738443167,6.000205481193037,1,1.087293587101958,28690.167781572804
31.743673770579733,103913.15742048116,2.9166257870930323,1,3.6551587447023564,44591.20590777803
52.374446219140545,39956.85632596865,6.949818861265426,0,4.853577736854202,34171.538586994335
52.404535787167234,106180.70625610664,8.601223971892045,0,3.2406727338473678,34757.78862310463
54.68289274320415,41473.97960987841,7.7985098889334985,1,4.747289848132367,41917.23122094971
56.529622102258855,65755.85615043306,0.39618825348357145,0,1.209031517144095,4280.580040083893
40.453695954437514,101756.58292015982,4.805069472578289,1,2.6751732762966456,40100.05510357124
40.060651787487984,43492.568461389645,1.0493017841817487,1,2.0406311638482046,15160.653093851355
51.931807158671006,50632.62557093773,2.4204501586252745,0,3.923283859922919,30629.550702209963
45.99855723111061,95002.73115537596,9.866625932671464,1,4.925188361988987,54814.42520487406
48.07867509030814,94803.2882891467,1.4249554290151323,1,2.0261202497769912,12970.287099657331
51.83170677744404,87703.28695967676,4.988881534513561,1,3.616698405896298,40427.72211716585
55.60021367270265,92455.360002039,6.181557343181191,1,1.7923905310389605,41104.12100415535
33.51980627406143,78845.19990128366,7.024649705441039,0,3.2613210182864396,44317.51982274846
35.02331810559776,52661.91530162575,5.5964868348691414,0,2.855729946753345,26392.131826828874
23.75927759363476,61112.63941535275,0.09770847419183659,1,4.888021318526148,38163.07049937249
43.13120563984696,46343.79451212831,3.2646130824399187,0,3.4341090907858662,26002.535079933656
21.437690951869683,111760.55052002655,5.1771164338471145,1,2.398025488347275,40889.09686064555
38.623920725298404,82505.26152895084,0.8786649914483335,1,1.4563831395517335,25847.63249674973
41.70578538830306,66076.6275087276,3.5062693120918076,1,1.6049873149397382,24844.570220045985
31.461650085131375,71580.52232797194,0.33203108791366565,1,1.9012677198049404,27595.741793102476
43.63333042276043,115255.50056506338,0.7857849715502074,1,2.003866645361192,47842.44326923875
21.220009997561977,43801.62628044722,3.9692327620159604,0,4.402464231364551,36194.10617198381
21.493927549968575,82760.68488151176,1.3271575404306035,1,3.2448911531300997,33504.65673223021
52.904022426386334,75529.98109960194,5.675408482615581,0,3.0935636454974658,30033.567036310284
34.40762565645052,85030.88118911831,6.894649691372657,0,1.4590754874768699,22253.235516214652
25.08242050607539,31629.916543875646,8.005866991090828,1,4.44055877339774,35726.28791313821
40.88973040219217,108491.15180497363,2.0015024424481007,1,3.891257212833935,43467.12363059241
50.799742123944434,113890.64542352511,1.6748258225906976,1,1.2706734476000063,28513.652956917416
28.632841099873726,80861.98652302881,1.0456784033440025,1,3.8313403889190747,38541.48887788108
44.915619032760006,92698.5741489203,6.364302495436367,1,3.1741528693705843,37336.04895750115
23.41389859975072,113024.94430595661,7.064757264869011,0,1.326901382987113,47187.66008593582
22.06726884674431,93651.47708820587,0.3158614482564204,1,2.833202566114626,35183.85363472702
41.25418526272592,43728.51386228352,9.362122462436899,1,2.938785148520188,30500.857343264972
41.62540486440426,81865.95241501319,0.5197128365147241,0,1.663098160653103,18140.695915798337
45.497196059928264,84604.35417445702,5.412963353010705,0,4.782792588001129,48052.37042900095
49.04365334890646,68171.76041721474,7.090605194509164,1,4.399901485922648,47763.32965630937
59.03408317850138,96279.98120622506,8.709691237460856,0,3.6760893493164333,39319.69640796174
40.65201393204781,114093.03132921134,7.140869321324278,1,2.849182244002429,44636.067608502686
32.91825891764984,113301.16616160987,8.017280830697919,0,2.647062166338034,44920.92727957475
51.80744779074814,70575.54342637189,3.3945019254280604,0,3.6038938686038167,22161.62275669814
30.83329005048297,40191.424125667974,8.148251137465122,1,3.181727477627622,27140.246377084623
37.558856828225444,118635.70790661011,0.8011484638467514,0,1.2490924235275425,28459.791216898688
23.138255253690637,105500.82778013407,8.948166560605276,0,3.0500105950813268,54119.35765788201
21.0140297366183,41219.64130829401,5.475923761537363,0,4.225614468931358,35545.596372522254
58.505936587117006,112875.7694355635,8.172977699624937,0,2.8369595103878322,43437.298883100746
53.439204820488236,108290.67258559154,4.523182845183001,0,1.2078263102170737,34297.46928584677
47.83896824374792,76695.4251413465,6.4357769519652495,0,4.145112797536132,39589.60048390307
36.35811777657079,83214.78921704364,5.264026609361132,1,1.8054551285438976,33800.845594670536
26.93177280283383,65910.24334831172,7.315895217553319,1,2.034483339552155,31983.57496450953
26.257481706843443,34928.54749398282,0.8162998203058958,0,1.6588254137291836,10530.03113751694
30.009715926583812,60167.75174813108,0.603520839905638,1,2.32086025948599,18426.262654984483
41.969066588244814,102256.81037382103,2.4710323401014644,1,4.02700602275454,33012.47002056873
48.583836908002496,30416.882070414256,1.5954468011318834,1,3.0775434380157494,13601.34524316388
46.40789506870925,60014.92545220298,8.717835665922017,0,1.8195250966028502,32224.064378469375
31.197355877837715,65835.18242318489,2.192139873580443,1,4.511320312608163,44782.38133591756
58.19461122652776,78365.60426441306,9.758652558191313,0,4.518327419806116,51751.00796683299
49.51587666783074,112787.00547714844,3.3689579177110685,1,4.482313700184028,58258.15290203351
42.17416210045603,61171.13949293651,1.8211791568869928,0,1.9551848455261571,16914.31389810257
44.46882984937409,61225.7881706605,7.896985071424791,0,2.8049573767239524,30173.81251072661
36.7840024971116,96375.11232987736,6.587077755008761,1,4.9399586245635,55751.2815672816
29.909239580046297,70699.61468008265,4.98195716453139,1,4.088049905239961,40832.75998240983
34.238907146050465,50214.434064598376,5.553635509376313,0,1.1086696849022393,20855.006273310824
50.31384441857476,70719.55645194241,7.192017782722639,1,1.2608183650419682,32550.20986142291
20.575739545190235,42677.131834181986,2.2845474133129873,1,2.855725507249331,22572.74955553548
24.64290562027665,45874.828785560094,9.963339160567418,1,4.636880823446241,46028.59369905026
21.84010568087011,74853.09954655317,9.747931621467831,0,3.154807191810857,42665.25437177817
21.629152092758805,67703.29045540931,6.503256863469369,0,2.991250032137161,37693.65251268123
54.21842336044029,112336.131096129,1.9954245092914513,1,1.4218947998265223,23652.802161793814
48.146314375200944,62615.45092049698,6.802282424312914,1,3.627120418897176,24033.89380507291
38.96695316349301,82252.9515250239,0.7219840897917584,1,4.2884126424009015,36603.269703542166
23.91336642604006,86903.78591275774,0.30652502205806065,0,2.5216800300302493,22003.558065988967
39.66463500467329,31178.501092950028,2.576828885112137,0,4.10244740370131,19575.240366517624
38.93887083122263,89718.36348150395,4.626229567393163,1,4.857906615603246,51927.43432113084
26.928074796400608,46023.23701827763,8.682725054083805,1,1.8150658365107564,25473.665673082294
37.35406596951892,116496.32857225096,7.271690697663081,1,3.093318524778965,58216.578592360565
35.94018937589494,43379.64549778016,7.42706521199981,1,2.148551832338302,26216.452391410654
44.63400392208866,67316.17113543215,4.2549333444807536,1,4.171417676135357,39553.54779976168
45.40374603470575,37681.47012707795,3.4593499254696294,1,3.31037346352463,24482.324907611746
21.81216039088178,119718.68266613527,3.7103876298460268,0,3.538329670201215,43944.36543255566
34.98450458505885,75197.55092981184,9.876495637360579,1,4.191656638463576,56142.65212984976
45.03439662856945,83584.65155880395,0.4010919141248248,0,2.5838818906498195,22967.77820526532
40.12545034320351,36036.88296495847,8.670314961224486,1,4.660360273628173,43862.8082289013
54.25959364753289,97496.442335926,5.786754085723934,1,3.13211546898456,34528.00624570871
46.347745264757805,48891.50337860272,4.386154191895905,0,1.631819291341392,6871.173617986713
26.517377083257188,110824.88604966424,7.252576604151365,0,3.78359647267521,57227.90586264031
22.822749896017193,48462.567643380644,4.866689414247029,0,4.173045401753018,36570.60999076089
45.69677112825262,47161.89485972999,8.734232380816605,0,2.2670467082701067,18739.805809184152
21.060452421664873,33289.47010632854,9.007018640112586,1,4.428717027995011,37550.49761541396
43.43102325093853,72486.02505989993,4.217209268734554,0,4.624573019063066,46399.266301604024
57.6092096569983,80835.70199363548,2.768277972350516,1,2.1076179495112357,18376.279581982064
43.01896711503516,35913.77754855171,5.923503285933622,0,4.934085890860889,43614.16311513122
35.526797048260875,99797.48550255095,9.12363345616691,1,1.5628461121950337,37458.72072252726
45.73152873769413,70795.99512732249,2.106621890056666,1,1.8080626736099599,24713.475885486427
38.33011561966067,77195.1242394822,6.229665835634828,1,1.7368993569521045,29210.739898800482
41.8246715726374,69668.64722444053,6.3156022009252055,1,4.575958840031482,48964.39961526647
57.658592351061,66068.67547877933,7.33113022415281,1,3.6171702092998474,32648.929822126156
35.44410551203097,80367.62981773961,1.315676851272598,1,1.6084171328890915,23768.024262834275
58.44762255295657,43971.622133764125,7.158249646820885,0,2.761293673473396,20068.67522791206
56.21402567824255,46373.5317445744,9.09032520665641,1,3.461192100279208,26273.655673836256
27.831645391571858,107560.70589121655,1.7968310887024197,0,1.3338563399575332,34880.42378484975
22.774452035006618,115150.39159202695,2.3754332492387764,0,4.529665473629355,51505.17841509684
24.031120055097066,63597.83846517777,9.713950940416396,1,4.214414141766141,48462.34092077685
20.72887302606199,54367.02058291984,1.8097695270948977,0,3.020827094306553,19032.63532095991
23.777718430237137,87959.95889151143,8.543850933695792,1,4.868506461036682,48338.90724912905
47.320270936654275,66786.07539882867,4.922778564480348,0,2.671043917100399,24135.27307311647
22.84754593840916,32284.77200943104,2.4723107440317706,1,4.936441276145992,48255.918112097585
32.759025211750455,44053.733762957134,8.707499012725114,0,3.6716799952145083,37129.81903237325
53.79501243877818,94437.50059626577,4.453052550026655,1,3.538685093015766,39677.8168050241
20.930877429433036,89303.15477191363,5.148173539296902,1,1.66381958118314,34780.87270731993
52.578739303557434,32438.639325313514,3.5923336939976567,1,4.527711033218576,28216.841142268517
31.274190990936,49977.49457396545,5.9295085143492745,1,2.7099587516824606,30712.144957222758
24.72659310486625,50796.73169292643,1.6352387258502277,0,1.6489336231299174,9561.476992624152
47.86948661456603,90470.34692388555,3.910815366517607,1,1.0504300799030362,33108.44163013833
45.157713871195355,31773.948397892775,9.694123223352875,0,3.2390227345535303,29110.001432318924
55.09888054108212,39369.77237861165,2.5813343270112754,0,3.1095984884907053,17923.688484047336
49.40284175215543,101992.44768358704,6.567366645412922,0,3.8774144894766343,47794.937740016394
52.13923721539394,46069.019584890026,3.251900642246949,1,4.561032212071209,32171.807523779775
31.281382902852258,88747.14970666872,7.734731256866007,0,1.317626338572118,37070.41056466224
27.097581751188912,51436.45029420539,1.3087366071834983,0,3.9259859613614494,30346.960086313153
50.024590065634335,38949.72534834106,9.698210450785448,0,1.7496477763903289,17518.379054276127
52.27338957069056,51885.49718995087,4.5378954138363925,1,4.432708212628656,31698.707597422766
59.620205680026935,95004.02386700932,2.3605046334646396,1,4.276254055446625,41913.553197328
36.50470707645706,107012.68212956571,0.7349674733001266,0,3.1631750199421775,43656.09139779062
34.88072343171133,104719.78781102924,1.6975790508754074,1,3.840971194493246,38543.68457193699
51.05651842967987,65746.51766566094,5.197739485560176,1,2.2574004527349936,18067.491317348526
33.63214161012071,90127.66229135815,3.3700317643128628,0,2.8846715957312585,34512.052433253906
57.23029302414259,48448.58658742389,8.288833658826094,0,4.286547590841886,34150.69661747026
54.336510073720476,56383.29572349119,4.308875236618059,1,2.8370607886928556,24426.621797820917
37.15976109500073,110670.22366690078,2.487142725876299,0,2.431193061301767,36630.2946607489
50.03484271165989,31170.173115966245,6.171449866040301,1,2.9768497890011996,19346.881584620805
50.18171496338729,37695.767776902125,7.067772168854458,1,4.312997009748873,40925.305992787995
24.124954753437304,48709.762963142464,1.6704190790094986,1,2.340832189483491,12768.542003709023
56.102116267182666,32387.898348643776,1.6761921628831766,1,1.6950463725429752,2740.9315766512336
40.21009489791429,46329.18915808176,0.3667142693354297,1,3.848056081323123,23698.07097610745
53.058298644309666,82473.7404872723,7.364020150656405,1,4.303912850832328,38484.21441509318
32.80198404122447,67928.20955332482,6.638045276218051,0,1.4025499140941333,24863.008211444732
55.82092913984802,110340.45399692774,4.746308757498139,0,1.959496451023779,41204.390677570795
35.56806714936653,103569.92055645968,8.441704489691972,1,1.5678879590439756,42182.624565197446
20.433506059211936,60763.561652808836,8.056701529500533,1,2.3917656463286665,36101.46701380246
56.21527905677055,53348.10900881632,5.853543643967521,1,2.8014039156216506,18088.732429839478
23.651467071445342,64172.316735054024,8.682712805132587,0,3.995305347853226,40426.12859631322
32.7725455036166,83126.5448263327,2.0584121003676827,1,3.6045903395266965,35588.16211191751
58.0024786820322,54125.727674058864,1.1191961939772788,0,3.4837142699137247,16863.706487396485
58.024285877502244,86173.40170642207,2.697496115169896,1,2.4094997864386176,33507.3157050476
42.93751552493144,66847.04869721163,0.5708685608931485,1,4.365790212339039,37171.493827297905
45.27348848679197,79684.24627667823,5.31169528001032,0,2.8851486695926583,25584.91216662768
37.937820879132786,69251.3876221785,9.366056922949614,0,4.916419752060618,52640.64456586323
31.728430867922583,56501.918358772586,0.39343540668509647,1,3.5365685531829474,29193.468317921353
33.14658181479664,115360.7976265941,1.221099140100268,1,1.505058966258011,40776.51931968926
46.900738243081534,98724.52147437847,4.521990282834353,1,3.704710248301736,51647.77567466254
50.0949811775072,42610.18581898073,9.33875017527905,0,2.300416061726796,16988.62787102263
51.66316174903394,108162.11783081215,3.161561049767505,0,3.7453087867443897,36831.39492610115
51.584725711782156,73868.80784245623,5.072348086883924,0,1.278564592649623,14799.057463710542
23.648244121947613,110509.70042046823,0.41572859050392097,0,1.6995257487038375,30765.14266247926
39.77681218810326,101986.97303525837,1.4834320096208886,0,4.422949035623145,46760.14753133958
22.302350400665773,68269.21540223101,9.86630122958847,0,1.9087182280940596,39399.62424212289
41.981155292949424,32022.237748810567,9.651186964360456,1,4.348164500971761,37214.00012189235
37.66122005493508,54180.962344645144,0.04939980934409616,1,2.1171043538176417,14679.037635102066
55.50816731033199,78747.07931947801,9.51811785423239,0,3.5715276402348306,40314.26676133067
34.03660050208315,87013.03978435326,6.391199378155004,1,3.776602294039324,41970.40128131482
24.682680657104235,53209.89168898821,8.679182945200221,1,3.0506190125802117,46799.17576146568
25.719667282113434,42542.046666554175,4.547398556338591,0,2.221242706786925,11335.392404915263
50.46042526869889,105143.72131193693,5.155960285792503,1,1.8505775054843845,36533.31176681349
44.728722532650444,118596.1962633197,4.888465802569202,0,1.1327574182497049,45366.98354106756
24.04490704491161,77312.11640724173,6.668642575461043,0,2.2157856049628952,33331.322446342536
23.364272244599896,45451.13572634732,1.396512547563129,1,3.612651162125132,26158.308334525504
48.0387652583648,54507.65938674321,0.2997358987267795,0,4.753219273793931,28000.01496315414
22.910520254567743,31655.160889272007,3.079299415911909,0,4.484817929052208,28745.026787672017
52.87440237161425,112286.89259044491,7.0468076273664675,0,4.06425910614121,57063.84319909472
48.24968908625985,40597.5974601127,2.0185345212294834,0,4.153789373013195,11751.799801335885
23.25395122567599,81886.48279628283,6.734324333249173,0,3.659939613903981,51078.96757752866
23.39350856340768,54664.96986184854,9.699120461072704,0,2.041147430264012,23315.96700730474
59.465583140047016,79876.02022642142,0.9390071578941839,0,4.628780122823319,33570.54395603048
34.97083183024481,88627.83495166778,6.726021182251262,0,3.682929247623336,41100.96163433435
34.825685882675636,104676.76233364815,4.437502193045711,1,3.24176252392176,47545.935423485054
52.5119826903001,48577.91445845429,8.681422543775053,1,1.4439578768539243,14187.504205848601
57.88994309535435,30989.624579263244,1.771497894473859,1,2.7882221752257017,13461.19182524895
59.44004255291483,42319.70670619266,6.926259522261645,0,2.841433084807705,29392.582876541397
50.13512741035767,111001.67776632946,8.381152896481103,0,4.45825443809068,48905.36980434015
35.05038342123663,108650.10698062637,9.446142194740233,1,3.186592880751154,53857.07372775685
23.34002866794675,83767.17919532774,6.832480282896459,1,2.5216021958816386,36759.43519464571
51.08587663709747,84046.5174390288,4.971747640084273,1,4.907201314042638,51664.462131922526
42.3361699894322,89853.30070916298,6.178472402012138,0,1.4428823733052627,29934.11324815445
36.96888036987905,45783.41507611046,8.689049844787181,1,2.6901937132477785,26404.530885614422
56.25417540378944,112297.07513324638,5.706097466388297,1,1.1680987006856212,37801.24965769727
24.447899292246053,67689.34724028659,0.3038705969683686,0,3.9596164830677214,40573.333451004626
39.705004171634364,64482.46754245477,9.309486955069778,1,4.672306208796602,49243.896211137006
20.454145790696764,76702.59347545539,6.895267510315612,0,2.1201493182019577,37356.67299218381
38.74642567976505,34226.937009754954,6.765133857772465,0,4.433366707196484,25854.872324754546
22.252131027273492,44965.50318804715,2.1567515239771717,0,2.168872921847591,12196.179903958866
24.752716650722878,96423.02547837334,6.5888547023265716,1,4.643080646575661,60779.875646864624
24.701049871084194,37451.88011326138,3.938644056541585,1,4.015847614387136,38750.93234923262
45.968412084642544,84283.68985197494,6.512329770414921,0,4.2196271073657545,45443.23886343054
49.84179517061693,52081.41987131888,1.0659303030799072,1,1.072026222401818,9838.912450793481
43.334750603886384,65036.60526377789,6.5784530460303605,1,4.851241428296104,47242.71145013482
58.486901938981674,55982.43630936299,9.994137257706665,1,3.906683968281293,32098.697349750037
34.99482318094816,62010.54448184543,0.4821203886055603,1,2.2190043815445333,23273.936368363007
31.42848345127443,94714.1314665821,9.771741842213173,0,4.317578659435387,59839.30630506843
54.74396512757841,56740.95440608575,4.069079607228706,1,2.12608479365972,17436.897592818794
28.943833540778105,80976.41762672074,8.707534503372592,0,4.491015358264512,49384.46854428971
58.52890157762445,72844.53619791896,7.823854840582735,0,1.450321561647748,25316.186585165506
20.486178987592652,89730.40488263834,5.6701626098666775,1,3.814743909843183,46695.80199955566
58.79515306830556,114314.67653922823,7.384492092513265,0,3.1627939065796413,43284.71270924545
21.726396478023045,95931.48874892252,8.78515561301348,1,1.3861378807817633,53031.8879189631
55.645724547922846,49344.63407316811,4.0414032165103295,1,1.967575313035356,15372.574245867554
41.108044363451995,32806.48215551562,3.270331615632387,0,1.0496161451092592,5835.82648938078
59.718591844772014,53603.76398698425,6.675933855635847,0,2.8750718618580233,19179.640793266608
22.951862589415953,83557.01376302293,8.078459419412585,0,2.2050610430400015,41177.67480117491
42.15417137605283,34628.32321358253,7.622851347766158,0,3.3934299371910353,24001.185583047267
58.77210142476396,74672.96224811126,7.978136488586345,1,2.1889512308344687,27159.31542172471
40.92391376680595,83715.85640252003,4.35583314812933,1,2.1996764460279388,37908.82051816398
45.1759455254105,60081.95017352648,8.178342161750216,1,3.9727727949264136,47137.84789227678
47.829947559384685,99382.09833712397,1.2020905537060844,0,1.1925713439134138,20471.884401449304
38.18164259071093,39593.842782039465,5.444890979608496,0,4.611579980767949,24343.130948099028
45.10232320336254,36762.40035622279,0.057586604981215705,0,4.409055497564726,26571.974203456495
43.372572476924006,95536.9880583243,3.2458582990027027,1,3.671218732905626,37910.067226653715
56.04632041963956,74594.21845855787,3.664615348713979,0,3.372886280429537,31995.414333234057
21.817855213658316,91956.21567849624,3.961726916092554,1,4.5692099925586085,43193.0449024943
31.238527583689212,69134.46047433716,6.954672066898622,0,1.7413207181148578,32419.82526074383
58.01645936306235,52176.182991519614,3.885581012703457,1,1.3158766487633144,8553.606252255264
55.61055135563665,103719.20859067797,4.486936226225307,1,1.9580406796381524,37211.80054386448
38.22627011142852,101947.42910720814,2.375441308743275,0,4.178313114800761,44031.80249748986
44.80530391206147,92522.68237689842,3.732517916293401,0,1.1386810669059333,20921.41828024414
31.095247319245306,54493.062350696644,2.2726962726315145,1,3.3312273403339585,25599.80767866176
27.52484638895045,83120.76001821784,0.7319592376844364,1,4.98175006476524,51778.6235767739
38.547936197599284,62487.65072460241,6.034485933813779,0,4.422784375350158,40178.9307749992
34.13408912104211,38242.386599397076,6.682127985550163,0,3.085782756174358,27113.21025460138
43.34624447403488,112558.22179160186,6.194903460096145,1,1.2545636371465694,48846.705675045654
23.109385478599393,42313.67678270653,4.6349404380057235,0,4.325494057542839,25913.32737938382
58.97579230664666,115521.36184387222,3.797857801792298,1,3.395914032708842,51176.331786912735
59.44842977918412,70140.51956621601,8.633336495718252,1,1.4597319882382673,27755.07182270747
